{
    "final_train_acc": 97.6125,
    "final_val_acc": 96.95833333333333,
    "best_val_acc": 96.95833333333333,
    "classification_report": {
        "0": {
            "precision": 0.9955830388692579,
            "recall": 0.9591489361702128,
            "f1-score": 0.977026441265713,
            "support": 1175.0
        },
        "1": {
            "precision": 0.9894259818731118,
            "recall": 0.9909228441754917,
            "f1-score": 0.9901738473167044,
            "support": 1322.0
        },
        "2": {
            "precision": 0.9719387755102041,
            "recall": 0.9735945485519591,
            "f1-score": 0.9727659574468085,
            "support": 1174.0
        },
        "3": {
            "precision": 0.9576202118989405,
            "recall": 0.9639048400328137,
            "f1-score": 0.9607522485690924,
            "support": 1219.0
        },
        "4": {
            "precision": 0.9835212489158717,
            "recall": 0.9642857142857143,
            "f1-score": 0.9738085015027909,
            "support": 1176.0
        },
        "5": {
            "precision": 0.9465381244522348,
            "recall": 0.9782608695652174,
            "f1-score": 0.9621380846325167,
            "support": 1104.0
        },
        "6": {
            "precision": 0.9618573797678275,
            "recall": 0.9855564995751912,
            "f1-score": 0.9735627360469996,
            "support": 1177.0
        },
        "7": {
            "precision": 0.9849802371541502,
            "recall": 0.9591993841416474,
            "f1-score": 0.9719188767550702,
            "support": 1299.0
        },
        "8": {
            "precision": 0.9392405063291139,
            "recall": 0.9594827586206897,
            "f1-score": 0.9492537313432836,
            "support": 1160.0
        },
        "9": {
            "precision": 0.963056255247691,
            "recall": 0.9606365159128978,
            "f1-score": 0.9618448637316562,
            "support": 1194.0
        },
        "accuracy": 0.9695833333333334,
        "macro avg": {
            "precision": 0.9693761760018405,
            "recall": 0.9694992911031834,
            "f1-score": 0.9693245288610635,
            "support": 12000.0
        },
        "weighted avg": {
            "precision": 0.9699024231449368,
            "recall": 0.9695833333333334,
            "f1-score": 0.9696318683146427,
            "support": 12000.0
        }
    }
}