{
    "final_train_acc": 77.07916666666667,
    "final_val_acc": 77.13333333333334,
    "best_val_acc": 78.11666666666666,
    "classification_report": {
        "0": {
            "precision": 0.739100817438692,
            "recall": 0.9234042553191489,
            "f1-score": 0.82103670071888,
            "support": 1175.0
        },
        "1": {
            "precision": 0.9660615627466457,
            "recall": 0.9258698940998488,
            "f1-score": 0.9455388180764774,
            "support": 1322.0
        },
        "2": {
            "precision": 0.8792415169660679,
            "recall": 0.7504258943781942,
            "f1-score": 0.8097426470588235,
            "support": 1174.0
        },
        "3": {
            "precision": 0.647020725388601,
            "recall": 0.8195242001640689,
            "f1-score": 0.7231270358306189,
            "support": 1219.0
        },
        "4": {
            "precision": 0.8339140534262486,
            "recall": 0.6105442176870748,
            "f1-score": 0.7049582719685813,
            "support": 1176.0
        },
        "5": {
            "precision": 0.837431693989071,
            "recall": 0.5552536231884058,
            "f1-score": 0.6677559912854031,
            "support": 1104.0
        },
        "6": {
            "precision": 0.8712871287128713,
            "recall": 0.822429906542056,
            "f1-score": 0.8461538461538461,
            "support": 1177.0
        },
        "7": {
            "precision": 0.9044048734770385,
            "recall": 0.7428791377983064,
            "f1-score": 0.8157227387996618,
            "support": 1299.0
        },
        "8": {
            "precision": 0.7066549912434326,
            "recall": 0.6956896551724138,
            "f1-score": 0.7011294526498697,
            "support": 1160.0
        },
        "9": {
            "precision": 0.5514950166112956,
            "recall": 0.8341708542713567,
            "f1-score": 0.664,
            "support": 1194.0
        },
        "accuracy": 0.7713333333333333,
        "macro avg": {
            "precision": 0.7936612379999964,
            "recall": 0.7680191638620875,
            "f1-score": 0.7699165502542161,
            "support": 12000.0
        },
        "weighted avg": {
            "precision": 0.7958553241182993,
            "recall": 0.7713333333333333,
            "f1-score": 0.7728963989231827,
            "support": 12000.0
        }
    }
}