{
    "final_train_acc": 97.80208333333333,
    "final_val_acc": 96.28333333333333,
    "best_val_acc": 96.325,
    "classification_report": {
        "0": {
            "precision": 0.9879310344827587,
            "recall": 0.9753191489361702,
            "f1-score": 0.9815845824411135,
            "support": 1175.0
        },
        "1": {
            "precision": 0.9724907063197026,
            "recall": 0.989409984871407,
            "f1-score": 0.9808773903262092,
            "support": 1322.0
        },
        "2": {
            "precision": 0.9675491033304867,
            "recall": 0.965076660988075,
            "f1-score": 0.9663113006396589,
            "support": 1174.0
        },
        "3": {
            "precision": 0.9319455564451561,
            "recall": 0.9548810500410172,
            "f1-score": 0.9432739059967585,
            "support": 1219.0
        },
        "4": {
            "precision": 0.9781659388646288,
            "recall": 0.9523809523809523,
            "f1-score": 0.965101249461439,
            "support": 1176.0
        },
        "5": {
            "precision": 0.9696969696969697,
            "recall": 0.927536231884058,
            "f1-score": 0.9481481481481482,
            "support": 1104.0
        },
        "6": {
            "precision": 0.9731768650461022,
            "recall": 0.9864061172472387,
            "f1-score": 0.979746835443038,
            "support": 1177.0
        },
        "7": {
            "precision": 0.9714506172839507,
            "recall": 0.9692070823710547,
            "f1-score": 0.9703275529865125,
            "support": 1299.0
        },
        "8": {
            "precision": 0.9342327150084317,
            "recall": 0.9551724137931035,
            "f1-score": 0.9445865302642796,
            "support": 1160.0
        },
        "9": {
            "precision": 0.9432860717264387,
            "recall": 0.9472361809045227,
            "f1-score": 0.9452569995821145,
            "support": 1194.0
        },
        "accuracy": 0.9628333333333333,
        "macro avg": {
            "precision": 0.9629925578204626,
            "recall": 0.96226258234176,
            "f1-score": 0.962521449528927,
            "support": 12000.0
        },
        "weighted avg": {
            "precision": 0.963050133300087,
            "recall": 0.9628333333333333,
            "f1-score": 0.9628392939096933,
            "support": 12000.0
        }
    }
}