{
    "final_train_acc": 94.23958333333333,
    "final_val_acc": 93.94166666666666,
    "best_val_acc": 93.94166666666666,
    "classification_report": {
        "0": {
            "precision": 0.9354047424366312,
            "recall": 0.9736170212765958,
            "f1-score": 0.9541284403669725,
            "support": 1175.0
        },
        "1": {
            "precision": 0.9724292101341282,
            "recall": 0.9871406959152799,
            "f1-score": 0.9797297297297297,
            "support": 1322.0
        },
        "2": {
            "precision": 0.9225061830173125,
            "recall": 0.9531516183986372,
            "f1-score": 0.9375785504817763,
            "support": 1174.0
        },
        "3": {
            "precision": 0.9355108877721943,
            "recall": 0.9163248564397046,
            "f1-score": 0.9258184832159138,
            "support": 1219.0
        },
        "4": {
            "precision": 0.9308873720136519,
            "recall": 0.9277210884353742,
            "f1-score": 0.9293015332197615,
            "support": 1176.0
        },
        "5": {
            "precision": 0.944392082940622,
            "recall": 0.907608695652174,
            "f1-score": 0.925635103926097,
            "support": 1104.0
        },
        "6": {
            "precision": 0.9795918367346939,
            "recall": 0.9379779099405268,
            "f1-score": 0.9583333333333334,
            "support": 1177.0
        },
        "7": {
            "precision": 0.9439754412893323,
            "recall": 0.9468822170900693,
            "f1-score": 0.9454265949269792,
            "support": 1299.0
        },
        "8": {
            "precision": 0.9148753224419605,
            "recall": 0.9172413793103448,
            "f1-score": 0.9160568230736117,
            "support": 1160.0
        },
        "9": {
            "precision": 0.9126455906821963,
            "recall": 0.9187604690117253,
            "f1-score": 0.9156928213689483,
            "support": 1194.0
        },
        "accuracy": 0.9394166666666667,
        "macro avg": {
            "precision": 0.9392218669462723,
            "recall": 0.9386425951470432,
            "f1-score": 0.9387701413643124,
            "support": 12000.0
        },
        "weighted avg": {
            "precision": 0.9396293606375237,
            "recall": 0.9394166666666667,
            "f1-score": 0.9393653292386621,
            "support": 12000.0
        }
    }
}